<?xml version="1.0" encoding="UTF-8"?>
<!DOCTYPE mapper PUBLIC "-//mybatis.org//DTD Mapper 3.0//EN" "http://mybatis.org/dtd/mybatis-3-mapper.dtd">
<mapper namespace="com.company.project.mapper.GeneratorMapper">

    <!-- 通用查询结果列 -->
    <sql id="Base_Column_List">
        id, table_name, menu_name, pid, gen_time
    </sql>
    <!-- 获取列表 -->
    <select id="selectAllTables" resultType="com.company.project.entity.SysGenerator">


        SELECT
        TABLE_NAME AS tableName,
        TABLE_COMMENT AS tableComment,
        CREATE_TIME AS createTime
        FROM
        information_schema.TABLES
        WHERE
        TABLE_SCHEMA = ( SELECT DATABASE ( ) )
        <if test="vo.tableName != null and vo.tableName != ''">
            and TABLE_NAME LIKE concat('%',#{vo.tableName},'%')
        </if>
        ORDER BY
        CREATE_TIME DESC

    </select>


    <select id="queryTable" resultType="map">
		select table_name tableName, engine, table_comment tableComment, create_time createTime from information_schema.tables
			where table_schema = (select database()) and table_name = #{tableName}
	</select>

    <select id="queryColumns" resultType="map">
		select column_name columnName, data_type dataType, column_comment columnComment, column_key columnKey, extra from information_schema.columns
 			where table_name = #{tableName} and table_schema = (select database()) order by ordinal_position
	</select>
</mapper>
